,Brands,Models,Prices,ROM,RAM,Size,Processor,Operating System,Warranty,Ratings
0,Lenovo,Lenovo Legion 5 ,"₹1,33,999",512 GB SSD,16 GB DDR4,(15.6 inch),Intel Core i7 Processor (11th Gen),64 bit Windows 10 ,1 Year Warranty,4.2
1,Avita,Avita SATUS ULTIMUS S111 ,"₹21,490",128 GB SSD,4 GB DDR4,(14.1 Inch),Intel Celeron Dual Core Processor,64 bit Windows 11 ,1 Year Onsite Warranty,4.1
2,HP,HP ,"₹36,990",256 GB SSD,8 GB DDR4,(14 inch),Intel Core i3 Processor (11th Gen),64 bit Windows 11 ,1 Year Onsite Warranty,4.3
3,Lenovo,Lenovo IdeaPad 3 ,"₹39,490",512 GB SSD,8 GB DDR4,(15.6 inch),Intel Core i3 Processor (11th Gen),64 bit Windows 11 ,2 Year Onsite�Warranty,4.3
4,Lenovo,Lenovo IdeaPad 3 ,"₹47,241",512 GB SSD,8 GB DDR4,(15.6 inch),Intel Core i5 Processor (11th Gen),64 bit Windows 10 ,2 Year Onsite�Warranty,4.2
5,ASUS,ASUS ,"₹29,990",256 GB SSD,8 GB DDR4,(15.6 inch),AMD Ryzen 3 Dual Core Processor,64 bit Windows 10 ,1 Year Onsite Warranty,4.3
6,Lenovo,Lenovo IdeaPad 3 ,"₹36,990",256 GB SSD,8 GB DDR4,(14 inch),Intel Core i3 Processor (11th Gen),64 bit Windows 11 ,2 Year Onsite�Warranty,4.3
7,Lenovo,Lenovo IdeaPad 3 ,"₹33,490",256 GB SSD,8 GB DDR4,(15.6 Inch),Intel Core i3 Processor (10th Gen),Windows 11 ,2 Years Warranty,4.3
8,HP,HP ,"₹40,990",512 GB SSD,8 GB DDR4,(14 Inch),Intel Core i3 Processor (11th Gen),64 bit Windows 11 ,1 Year Onsite Warranty,4.3
9,HP,HP ,"₹33,990",256 GB SSD,8 GB DDR4,(15.6 inch),AMD Ryzen 3 Dual Core Processor,64 bit Windows 11 ,1 Year Onsite Warranty,4.3
10,HP,HP ,"₹40,990",512 GB SSD,8 GB DDR4,(15.6 Inch),Intel Core i3 Processor (11th Gen),64 bit Windows 11 ,1 Year Onsite Warranty,4.2
11,Lenovo,Lenovo IdeaPad ,"₹37,990",512 GB SSD,8 GB DDR4,(15.6 Inch),Intel Core i3 Processor (11th Gen),64 bit Windows 11 ,2 Year Onsite�Warranty,4.3
12,ASUS,ASUS VivoBook 15 (2022) ,"₹33,990",512 GB SSD,8 GB DDR4,(15.6 inch),Intel Core i3 Processor (10th Gen),64 bit Windows 11 ,1 Year Onsite Warranty,4.5
13,HP,HP Pavilion ,"₹54,990",512 GB SSD,8 GB DDR4,(15.6 inch),AMD Ryzen 5 Hexa Core Processor,64 bit Windows 10 ,1 Year Onsite Warranty,4.6
14,DELL,DELL ,"₹40,990",1 TB HDD,8 GB DDR4,(15.6 inch),AMD Ryzen 3 Dual Core Processor,64 bit Windows 11 ,1 Year Onsite Warranty,4.6
15,Lenovo,Lenovo IdeaPad ,"₹45,990",512 GB SSD,8 GB DDR4,(14 inch),AMD Ryzen 5 Hexa Core Processor,64 bit Windows 10 ,1 Year Warranty,4.1
16,Lenovo,Lenovo IdeaPad 3 ,"₹27,999",256 GB SSD,4 GB DDR4,(14 inch),Intel Celeron Dual Core Processor (4th Gen),64 bit Windows 10 ,1 Year Warranty,4.3
17,ASUS,ASUS VivoBook Ultra 14 (2022) ,"₹53,990",512 GB SSD,16 GB DDR4,(14 inch),Intel Core i5 Processor (11th Gen),64 bit Windows 11 ,1 Year Onsite Warranty,4.3
18,Lenovo,Lenovo IdeaPad 3 ,"₹46,049",512 GB SSD,8 GB DDR4,(15.6 inch),AMD Ryzen 5 Hexa Core Processor,64 bit Windows 11 ,2 Years Warranty,3.8
19,MSI,MSI ,"₹44,990",512 GB SSD,8 GB DDR4,(14 inch),Intel Core i5 Processor (11th Gen),64 bit Windows 10 ,1 Year On-Site Warranty,4.3
20,HP,HP Notebook PC ,"₹35,990",1 TB HDD,8 GB DDR4,(14 inch),Intel Core i3 Processor (11th Gen),64 bit Windows 10 ,1 Year Onsite Warranty,4.3
21,ASUS,ASUS VivoBook 15 (2022) ,"₹34,990",512 GB SSD,8 GB DDR4,(15.6 inch),Intel Core i3 Processor (10th Gen),64 bit Windows 11 ,1 Year Onsite Warranty,4.5
22,ASUS,ASUS VivoBook 15 (2022) ,"₹48,990",1 TB HDD,8 GB DDR4,(15.6 inch),Intel Core i5 Processor (11th Gen),64 bit Windows 11 ,1 Year Onsite Warranty,4.2
23,ASUS,ASUS ROG Flow Z13 (2022) ,"₹3,21,990",1 TB SSD,16 GB LPDDR5,(13.4 Inch),Intel Core i9 Processor (12th Gen),64 bit Windows 11 ,1 Year Onsite Warranty,4.3
24,ASUS,ASUS TUF Gaming F15 ,"₹54,990",512 GB SSD,8 GB DDR4,(15.6 inch),Intel Core i5 Processor (10th Gen),64 bit Windows 11 ,1 Year Onsite Warranty,4.3
25,ASUS,ASUS ,"₹33,990",256 GB SSD,8 GB DDR4,(15.6 inch),Intel Core i3 Processor (11th Gen),64 bit Windows 11 ,1 Year Onsite Warranty,4.5
26,ASUS,ASUS VivoBook K15 OLED ,"₹59,990",512 GB SSD,16 GB DDR4,(15.6 Inch),AMD Ryzen 7 Octa Core Processor,64 bit Windows 11 ,1 Year onsite warranty,4.3
27,Avita,Avita SATUS ULTIMUS S111 ,"₹21,490",128 GB SSD,4 GB DDR4,(14.1 Inch),Intel Celeron Dual Core Processor,64 bit Windows 11 ,1 Year Onsite Warranty,4.3
28,DELL,DELL Inspiron Athlon ,"₹33,090",256 GB SSD,8 GB DDR4,(15.6 Inch),AMD Athlon Dual Core Processor,64 bit Windows 11 ,1 Year Onsite Warranty,4.1
29,HP,HP ,"₹48,490",512 GB SSD,8 GB DDR4,(14 inch),AMD Ryzen 5 Hexa Core Processor,64 bit Windows 11 ,1 Year Onsite Warranty,4.2
30,Lenovo,Lenovo ,"₹34,490",512 GB SSD,8 GB DDR4,(15.6 inch),Intel Core i3 Processor (10th Gen),64 bit Windows 11 ,2 Year Onsite�Warranty,4.4
31,Lenovo,Lenovo IdeaPad 3 ,"₹39,490",512 GB SSD,8 GB DDR4,(15.6 inch),Intel Core i3 Processor (11th Gen),64 bit Windows 11 ,2 Year Onsite�Warranty,4.3
32,ASUS,ASUS TUF Gaming F15 ,"₹56,990",512 GB SSD,8 GB DDR4,(15.6 Inch),Intel Core i5 Processor (10th Gen),64 bit Windows 11 ,1 Year Onsite warranty,4.3
33,acer,acer Intel EVO Swift 3 ,"₹60,990",512 GB SSD,8 GB LPDDR4X,(14 inch),Intel Core i5 Processor (11th Gen),64 bit Windows 11 ,1 Year International Travelers Warranty,4.4
34,ASUS,ASUS TUF Gaming A17 ,"₹72,990",512 GB SSD,16 GB DDR4,(17.3 inch),AMD Ryzen 7 Octa Core Processor,64 bit Windows 10 ,1 Year Onsite Warranty,4.5
35,Lenovo,Lenovo IdeaPad 3 ,"₹33,490",256 GB SSD,8 GB DDR4,(15.6 Inch),Intel Core i3 Processor (10th Gen),Windows 11 ,2 Years Warranty,4.5
36,HP,HP ,"₹41,990",512 GB SSD,8 GB DDR4,(15.6 Inch),Intel Core i3 Processor (11th Gen),64 bit Windows 11 ,1 Year Onsite Warranty,4.3
37,HP,HP ,"₹30,990",256 GB SSD,8 GB DDR4,(14 inch),Intel Pentium Quad Core Processor,64 bit Windows 11 ,1 Year Onsite Warranty,4.2
38,Lenovo,Lenovo Ideapad Slim 5i ,"₹64,999",512 GB SSD,16 GB DDR4,(15.6 Inch),Intel Core i5 Processor (11th Gen),64 bit Windows 10 ,1 Year Warranty,4.2
39,Lenovo,Lenovo IdeaPad ,"₹37,990",512 GB SSD,8 GB DDR4,(15.6 Inch),Intel Core i3 Processor (11th Gen),64 bit Windows 11 ,2 Year Onsite�Warranty,4.4
40,ASUS,ASUS VivoBook 14 (2021) ,"₹25,990",256 GB SSD,4 GB DDR4,(14 inch),Intel Celeron Dual Core Processor,64 bit Windows 11 ,1 Year Onsite Warranty,4.2
41,ASUS,ASUS VivoBook K15 OLED (2022) ,"₹57,990",512 GB SSD,16 GB DDR4,(15.6 inch),AMD Ryzen 5 Hexa Core Processor,64 bit Windows 11 ,1 Year Onsite Warranty,4.5
42,Lenovo,Lenovo IdeaPad ,"₹29,990",256 GB SSD,4 GB DDR4,(14 Inch),Intel Core i3 Processor (10th Gen),64 bit Windows 11 ,2 Year Onsite�Warranty,4.3
43,Lenovo,Lenovo Legion 5 ,"₹1,33,999",512 GB SSD,16 GB DDR4,(15.6 inch),Intel Core i7 Processor (11th Gen),64 bit Windows 10 ,1 Year Warranty,4.2
44,APPLE,APPLE MacBook Air ,"₹1,04,990",256 GB SSD,16 GB DDR4,(13.3 inch),Apple M1 Processor,Mac OS ,1 Year Limited Warranty,4.7
45,DELL,DELL ,"₹70,990",512 GB SSD,8 GB DDR4,(15.6 inch),AMD Ryzen 5 Hexa Core Processor,64 bit Windows 11 ,1 Year Onsite Hardware Service,4.7
46,realme,realme Book (Slim) ,"₹38,999",256 GB SSD,8 GB DDR4,(14 inch),Intel Core i3 Processor (11th Gen),64 bit Windows 10 ,1 Year Onsite Warranty,4.4
47,Lenovo,Lenovo IdeaPad ,"₹45,990",512 GB SSD,8 GB DDR4,(14 inch),AMD Ryzen 5 Hexa Core Processor,64 bit Windows 10 ,1 Year Warranty,4.6
48,HP,HP ,"₹52,990",512 GB SSD,8 GB DDR4,(15.6 inch),Intel Core i5 Processor (11th Gen),64 bit Windows 11 ,1 Year Onsite Warranty,4.2
49,ASUS,ASUS VivoBook 14 (2022) ,"₹47,990",1 TB HDD,8 GB DDR4,(14 inch),Intel Core i5 Processor (11th Gen),64 bit Windows 11 ,1 Year Onsite Warranty,4.2
50,ASUS,ASUS VivoBook 15 (2022) ,"₹31,990",512 GB SSD,4 GB DDR4,(15.6 inch),Intel Core i3 Processor (10th Gen),64 bit Windows 11 ,1 Year Onsite Warranty,4.2
51,Avita,Avita SATUS ULTIMUS S111 ,"₹21,490",128 GB SSD,4 GB DDR4,(14.1 Inch),Intel Celeron Dual Core Processor,64 bit Windows 11 ,1 Year Onsite Warranty,4.7
52,HP,HP ,"₹52,490",512 GB SSD,8 GB DDR4,(15.6 Inch),Intel Core i5 Processor (11th Gen),64 bit Windows 11 ,1 Year onsite warranty,4.3
53,Lenovo,Lenovo IdeaPad 1 ,"₹37,990",512 GB SSD,8 GB DDR4,(15.6 Inch),AMD Ryzen 5 Quad Core Processor,64 bit Windows 11 ,1 Year Onsite Warranty,4.1
54,ASUS,ASUS ,"₹31,990",512 GB SSD,4 GB DDR4,(15.6 inch),Intel Core i3 Processor (10th Gen),64 bit Windows 10 ,1 Year Onsite Warranty,4.3
55,Lenovo,Lenovo IdeaPad 3 ,"₹39,490",512 GB SSD,8 GB DDR4,(15.6 inch),Intel Core i3 Processor (11th Gen),64 bit Windows 11 ,2 Year Onsite�Warranty,4.1
56,ASUS,ASUS VivoBook K15 OLED ,"₹59,990",512 GB SSD,16 GB DDR4,(15.6 Inch),AMD Ryzen 7 Octa Core Processor,64 bit Windows 11 ,1 Year onsite warranty,4.2
57,ASUS,ASUS Vivobook S14 OLED (2022) Intel EVO ,"₹70,990",512 GB SSD,16 GB DDR4,(14 Inch),Intel Core i5 Processor (12th Gen),64 bit Windows 11 ,1 Year Onsite Warranty,4.3
58,HP,HP ,"₹36,490",512 GB SSD,8 GB DDR4,(15.6 inch),AMD Ryzen 3 Quad Core Processor,64 bit Windows 11 ,1 Year Onsite Warranty,4.3
59,Lenovo,Lenovo IdeaPad 3 ,"₹33,490",256 GB SSD,8 GB DDR4,(15.6 Inch),Intel Core i3 Processor (10th Gen),Windows 11 ,2 Years Warranty,4.3
60,HP,HP Pavilion ,"₹52,999",512 GB SSD,8 GB DDR4,(14 Inch),AMD Ryzen 5 Hexa Core Processor,64 bit Windows 11 ,1 Year Onsite Warranty,4.5
61,acer,acer Aspire 3 ,"₹34,390",512 GB SSD,8 GB DDR4,(15.6 inch),AMD Ryzen 3 Dual Core Processor,64 bit Windows 11 ,1 Year International Travelers Warranty,4.1
62,DELL,DELL Inspiron ,"₹37,490",256 GB SSD,8 GB DDR4,(15.6 inch),AMD Ryzen 3 Dual Core Processor,64 bit Windows 11 ,1 Year Onsite Warranty,4.3
63,Lenovo,Lenovo IdeaPad ,"₹37,990",512 GB SSD,8 GB DDR4,(15.6 Inch),Intel Core i3 Processor (11th Gen),64 bit Windows 11 ,2 Year Onsite�Warranty,4.2
64,HP,HP 15s ,"₹38,999",1 TB HDD,8 GB DDR4,(15.6 inch),AMD Ryzen 3 Dual Core Processor,64 bit Windows 10 ,1 Year Onsite Warranty,4.3
65,MSI,MSI GF63 Thin ,"₹72,990",512 GB SSD,16 GB DDR4,(15.6 inch),Intel Core i7 Processor (10th Gen),64 bit Windows 10 ,2 Year Warranty,4.3
66,ASUS,ASUS VivoBook K15 OLED (2022) ,"₹62,990",1 TB HDD,16 GB DDR4,(15.6 inch),Intel Core i5 Processor (11th Gen),64 bit Windows 11 ,1 Year Onsite Warranty,4.4
67,Lenovo,Lenovo Legion 5 ,"₹1,33,999",512 GB SSD,16 GB DDR4,(15.6 inch),Intel Core i7 Processor (11th Gen),64 bit Windows 10 ,1 Year Warranty,4.6
68,DELL,DELL Vostro ,"₹37,690",1 TB HDD,4 GB DDR4,(14 inch),Intel Core i3 Processor (10th Gen),64 bit Windows 11 ,1 Year Onsite Warranty,4.2
69,Lenovo,Lenovo ,"₹29,990",1 TB HDD,8 GB DDR4,(15.6 inch),Intel Core i3 Processor (10th Gen),64 bit Windows 11 ,2 Years Warranty,4.5
70,HP,HP ,"₹50,999",512 GB SSD,8 GB DDR4,(15.6 Inch),Intel Core i5 Processor (11th Gen),64 bit Windows 11 ,1 Year Onsite Warranty,3.7
71,Lenovo,Lenovo IdeaPad ,"₹45,990",512 GB SSD,8 GB DDR4,(14 inch),AMD Ryzen 5 Hexa Core Processor,64 bit Windows 10 ,1 Year Warranty,4.2
72,APPLE,APPLE 2020 Macbook Air ,"₹1,05,990",512 GB SSD,8 GB DDR4,(13.3 inch),Apple M1 Processor,Mac OS ,2 Year On-Site Warranty,4.6
73,MSI,MSI Katana GF66 ,"₹69,990",512 GB SSD,16 GB DDR4,(15.6 Inch),Intel Core i5 Processor (11th Gen),64 bit Windows 10 ,2 Years Warranty,4.3
74,Lenovo,Lenovo IdeaPad 3 ,"₹33,490",256 GB SSD,8 GB DDR4,(15.6 Inch),Intel Core i3 Processor (10th Gen),Windows 11 ,1 Year Onsite Warranty,4.3
75,Avita,Avita SATUS ULTIMUS S111 ,"₹21,490",128 GB SSD,4 GB DDR4,(14.1 Inch),Intel Celeron Dual Core Processor,64 bit Windows 11 ,1 Year Onsite Warranty,3.7
76,HP,HP ,"₹41,990",512 GB SSD,8 GB DDR4,(15.6 Inch),Intel Core i3 Processor (11th Gen),64 bit Windows 11 ,1 Year Onsite Warranty,4.2
77,HP,HP ,"₹47,990",512 GB SSD,8 GB DDR4,(15.6 inch),AMD Ryzen 5 Hexa Core Processor,64 bit Windows 11 ,1 Year International Travelers Warranty,4.7
78,acer,acer Aspire 3 ,"₹39,690",512 GB SSD,8 GB DDR4,(15.6 inch),AMD Ryzen 5 Quad Core Processor,64 bit Windows 11 ,1 Year International Travelers Warranty,4.5
79,acer,acer Aspire Vero(Green PC ) ,"₹58,390",512 GB SSD,8 GB DDR4,(15.6 inch),Intel Core i5 Processor (11th Gen),64 bit Windows 11 ,1 Year Onsite Warranty,4.3
80,DELL,DELL Inspiron ,"₹54,790",256 GB SSD,8 GB DDR4,(14 inch),Intel Core i3 Processor (11th Gen),64 bit Windows 11 ,1 Year Onsite Warranty,4.1
81,ASUS,ASUS VivoBook K15 OLED (2022) ,"₹45,000",512 GB SSD,8 GB DDR4,(15.6 inch),Intel Core i3 Processor (11th Gen),64 bit Windows 11 ,2 Year On-Site Warranty,4.2
82,MSI,MSI GF63 Thin ,"₹59,990",512 GB SSD,8 GB DDR4,(15.6 inch),Intel Core i5 Processor (10th Gen),64 bit Windows 10 ,1 Year Onsite Warranty,4.3
83,Lenovo,Lenovo IdeaPad Gaming ,"₹53,990",512 GB SSD,8 GB DDR4,(15.6 Inch),Intel Core i5 Processor (11th Gen),64 bit Windows 11 ,2 Year Onsite�Warranty,4.2
84,Lenovo,Lenovo IdeaPad ,"₹37,990",512 GB SSD,8 GB DDR4,(15.6 Inch),Intel Core i3 Processor (11th Gen),64 bit Windows 11 ,1 Year Warranty,4.3
85,Lenovo,Lenovo IdeaPad Flex 5 ,"₹58,990",512 GB SSD,8 GB DDR4,(14 Inch),Intel Core i3 Processor (11th Gen),64 bit Windows 11 ,2 Year On-Site Warranty,4.4
86,MSI,MSI Pulse GL66 ,"₹1,09,990",1 TB SSD,16 GB DDR4,(15.6 Inch),Intel Core i7 Processor (11th Gen),64 bit Windows 10 ,2 Year Onsite�Warranty,4.5
87,Lenovo,Lenovo ,"₹34,490",512 GB SSD,8 GB DDR4,(15.6 inch),Intel Core i3 Processor (10th Gen),64 bit Windows 11 ,2 Year Onsite Warranty,4.2
88,Lenovo,Lenovo IdeaPad 3 ,"₹55,490",512 GB SSD,8 GB DDR4,(15.6 Inch),Intel Core i5 Processor (12th Gen),64 bit Windows 11 ,1 Year Onsite Warranty,4.2
89,DELL,DELL Inspiron ,"₹33,090",256 GB SSD,8 GB DDR4,(15.6 Inch),Intel Pentium Silver Processor,64 bit Windows 11 ,1 Year Warranty,4.5
90,APPLE,APPLE MacBook Air ,"₹1,04,990",512 GB SSD,8 GB DDR4,(13.3 inch),Apple M1 Processor,Mac OS ,1 Year Onsite Warranty,4.3
91,Lenovo,Lenovo Legion 5 ,"₹1,33,999",512 GB SSD,16 GB DDR4,(15.6 inch),Intel Core i7 Processor (11th Gen),64 bit Windows 10 ,1 Year Limited Warranty,4.1
92,HP,HP ,"₹53,990",512 GB SSD,8 GB DDR4,(15.6 inch),Intel Core i5 Processor (12th Gen),Windows 11 ,1 Year Onsite�Warranty,4.7
93,ASUS,ASUS VivoBook K15 OLED (2022) ,"₹53,990",1 TB HDD,8 GB DDR4,(15.6 inch),AMD Ryzen 5 Hexa Core Processor,64 bit Windows 11 ,1 Year Onsite Warranty,4.2
94,APPLE,APPLE MacBook Air ,"₹1,04,990",256 GB SSD,16 GB DDR4,(13.3 inch),Apple M1 Processor,Mac OS ,1 Year Onsite Warranty,3.9
95,Lenovo,Lenovo IdeaPad ,"₹57,990",512 GB SSD,8 GB DDR4,(15.6 inch),AMD Ryzen 5 Hexa Core Processor,64 bit Windows 10 ,1 Year International Travelers Warranty,4.4
96,ASUS,ASUS VivoBook 15 (2022) ,"₹31,990",256 GB SSD,4 GB DDR4,(15.6 inch),Intel Core i3 Processor (11th Gen),Windows 10 ,1 Year Onsite Warranty,4.7
97,ASUS,ASUS VivoBook 15 (2022) ,"₹43,990",512 GB SSD,8 GB DDR4,(15.6 inch),Intel Core i5 Processor (10th Gen),64 bit Windows 11 ,1 Year Warranty,4.3
98,acer,acer Nitro 5 ,"₹94,990",1 TB HDD,16 GB DDR4,(15.6 inch),AMD Ryzen 7 Octa Core Processor,64 bit Windows 10 ,1 Year Onsite Warranty,4.2
99,HP,HP Pavilion x360 ,"₹48,990",256 GB SSD,8 GB DDR4,(14 inch),Intel Core i3 Processor (11th Gen),64 bit Windows 11 ,1 Year Onsite Warranty,4.2
100,ASUS,ASUS ,"₹33,490",256 GB SSD,8 GB DDR4,(15.6 inch),AMD Ryzen 3 Quad Core Processor,Windows 11 ,1 Year Onsite Warranty,4.7
101,HP,HP Pavilion Gaming ,"₹65,000",1 TB HDD,8 GB DDR4,(15.6 inches),Intel Core i5 Processor (11th Gen),64 bit Windows 10 ,1 Year International Travelers Warranty,4.2
102,ASUS,ASUS VivoBook K15 OLED (2022) ,"₹40,990",256 GB SSD,8 GB DDR4,(15.6 inch),Intel Core i3 Processor (11th Gen),64 bit Windows 10 ,1 Year Onsite Warranty,4.3
103,HP,HP 14s ,"₹49,990",512 GB SSD,8 GB DDR4,(14 Inch),Intel Core i5 Processor (10th Gen),64 bit Windows 10 ,1 Year Limited Hardware Warranty,4.2
104,acer,acer Swift 3 ,"₹49,990",512 GB SSD,8 GB LPDDR4X,(14 inch),AMD Ryzen 5 Hexa Core Processor,64 bit Windows 10 ,1 Year Onsite Warranty,4.4
105,ASUS,ASUS (2022) ,"₹22,990",128 GB SSD,4 GB DDR4,(11.6 Inch),Intel Celeron Dual Core Processor,64 bit Windows 11 ,1 Year Onsite Warranty,4.5
106,DELL,DELL Vostro ,"₹40,790",1 TB HDD,4 GB DDR4,(14 inch),Intel Core i3 Processor (11th Gen),64 bit Windows 10 ,1 Year Onsite Warranty,3.8
107,ASUS,ASUS TUF Gaming F17 (2022) ,"₹89,990",512 GB SSD,16 GB DDR5,(17.3 Inch),Intel Core i5 Processor (12th Gen),64 bit Windows 11 ,1 Year Onsite Warranty,4.3
108,Infinix,Infinix X1 Slim Series ,"₹39,990",512 GB SSD,8 GB LPDDR4X,(14 Inch),Intel Core i5 Processor (10th Gen),64 bit Windows 11 ,1 Year Onsite Warranty,4.5
109,Lenovo,Lenovo IdeaPad Slim 3i (2021) ,"₹37,990",256 GB SSD,8 GB DDR4,(14 Inch),Intel Core i3 Processor (11th Gen),64 bit Windows 10 ,1 Year Onsite Warranty,4.2
110,DELL,DELL Vostro ,"₹57,990",512 GB SSD,8 GB DDR4,(14 inch),Intel Core i5 Processor (11th Gen),64 bit Windows 10 ,1 Year Onsite Warranty,4.5
111,ASUS,ASUS ,"₹39,990",512 GB SSD,8 GB DDR4,(14 inch),Intel Core i3 Processor (11th Gen),64 bit Windows 11 ,1 Year Onsite Warranty,4.7
112,HP,HP Pavilion ,"₹56,490",512 GB SSD,8 GB DDR4,(15.6 Inch),AMD Ryzen 5 Hexa Core Processor,64 bit Windows 11 ,1 Year International Travelers Warranty,4.2
113,ASUS,ASUS ROG Flow X13 (2021) ,"₹99,990",1 TB SSD,16 GB LPDDR4X,(13.4 Inch),AMD Ryzen 9 Octa Core Processor,64 bit Windows 10 ,1 Year onsite warranty,4.4
114,HP,HP Pavilion Gaming ,"₹70,990",1 TB HDD,16 GB DDR4,(15.6 inch),AMD Ryzen 7 Octa Core Processor,64 bit Windows 10 ,1 Year Onsite Warranty,4.5
115,acer,acer ,"₹29,890",256 GB SSD,8 GB DDR4,(14 inch),AMD Ryzen 3 Dual Core Processor,64 bit Windows 11 ,1 Year Onsite Warranty,4.5
116,ASUS,ASUS VivoBook 14 ,"₹28,990",256 GB SSD,4 GB DDR4,(14 Inch),Intel Pentium Silver Processor,64 bit Windows 11 ,18+6 Months Warranty,4.2
117,ASUS,ASUS VivoBook 15 ,"₹25,990",256 GB SSD,4 GB DDR4,(15.6 inch),AMD Ryzen 3 Dual Core Processor,64 bit Windows 10 ,1 Year Onsite Warranty,4.3
118,Infinix,Infinix INBook X1 Neo Series ,"₹24,990",256 GB SSD,8 GB LPDDR4X,(14 inch),Intel Celeron Quad Core Processor,64 bit Windows 11 ,18+6 Months Warranty,4.5
119,Avita,Avita PURA APU ,"₹26,490",256 GB SSD,8 GB DDR4,(14 inches),APU Dual Core A6 Processor,64 bit Windows 10 ,1 Year Onsite Warranty,3.7
120,Infinix,Infinix INBook X1 Neo Series ,"₹24,990",256 GB SSD,8 GB LPDDR4X,(14 inch),Intel Celeron Quad Core Processor,64 bit Windows 11 ,1 Year Onsite Warranty,4.2
121,Avita,Avita PURA APU ,"₹26,490",256 GB SSD,8 GB DDR4,(14 inches),APU Dual Core A6 Processor,64 bit Windows 10 ,1 Year onsite warranty,4.2
122,ASUS,ASUS VivoBook 15 ,"₹25,990",256 GB SSD,4 GB DDR4,(15.6 inch),AMD Ryzen 3 Dual Core Processor,64 bit Windows 10 ,1 Year Onsite Warranty,3.7
123,Avita,Avita SATUS ULTIMUS S111 ,"₹21,490",128 GB SSD,4 GB DDR4,(14.1 Inch),Intel Celeron Dual Core Processor,64 bit Windows 11 ,1 Year Onsite Manufacturing Warranty,4.2
124,HP,HP Pavilion ,"₹56,990",512 GB SSD,8 GB DDR4,(15.6 Inch),AMD Ryzen 5 Hexa Core Processor,64 bit Windows 11 ,1 Year International Travelers Warranty,4.5
125,DELL,DELL Vostro ,"₹49,190",512 GB SSD,8 GB DDR4,(14 inches),AMD Ryzen 5 Quad Core Processor,64 bit Windows 10 ,1 Year Onsite Warranty,3.7
126,ASUS,ASUS Vivobook 15 ,"₹54,990",1 TB HDD,8 GB DDR4,(15.6 inch),Intel Core i5 Processor (11th Gen),64 bit Windows 10 ,1 Year onsite warranty,4.3
127,acer,acer Aspire Vero(Green PC ) ,"₹58,390",512 GB SSD,8 GB DDR4,(15.6 inch),Intel Core i5 Processor (11th Gen),64 bit Windows 11 ,1 Year Onsite Warranty,4.1
128,ASUS,ASUS VivoBook Flip 14 ,"₹49,990",512 GB SSD,8 GB LPDDR4X,(14 inch),Intel Core i3 Processor (11th Gen),Windows 11 ,2 Years Warranty,4.7
129,ASUS,ASUS VivoBook Flip 14 ,"₹62,990",512 GB SSD,8 GB LPDDR4X,(14 Inch),Intel Core i5 Processor (11th Gen),64 bit Windows 11 ,1 Year Onsite Warranty,4.7
130,Lenovo,Lenovo Thinkpad ,"₹56,990",512 GB SSD,8 GB DDR4,(14 inch),AMD Ryzen 5 Hexa Core Processor,64 bit DOS ,1 Year Onsite Warranty,4.4
131,Lenovo,Lenovo IdeaPad 3 ,"₹33,490",256 GB SSD,8 GB DDR4,(15.6 Inch),Intel Core i3 Processor (10th Gen),Windows 11 ,1 Year Onsite Warranty,4.8
132,HP,HP Pavilion ,"₹60,990",512 GB SSD,16 GB DDR4,(15.6 Inch),AMD Ryzen 5 Hexa Core Processor,64 bit Windows 11 ,2 Year Onsite�Warranty,4.4
133,ASUS,ASUS VivoBook K15 OLED (2021) ,"₹61,990",1 TB HDD,16 GB DDR4,(15.6 inch),Intel Core i5 Processor (11th Gen),64 bit Windows 10 ,1 Year International Travelers Warranty,4.3
134,Lenovo,Lenovo IdeaPad Gaming ,"₹53,990",512 GB SSD,8 GB DDR4,(15.6 Inch),Intel Core i5 Processor (11th Gen),64 bit Windows 11 ,1 Year On-Site Warranty,3.7
135,Lenovo,Lenovo ,"₹34,490",512 GB SSD,8 GB DDR4,(15.6 inch),Intel Core i3 Processor (10th Gen),64 bit Windows 11 ,1 Year onsite warranty,4.3
136,acer,acer Extensa ,"₹31,990",256 GB SSD,8 GB DDR4,(15.6 Inch),Intel Core i3 Processor (11th Gen),64 bit Windows 11 ,1 Year Onsite Warranty,4.2
137,MSI,MSI Alpha 15 ,"₹91,990",1 TB SSD,16 GB DDR4,(15.6 inch),AMD Ryzen 7 Octa Core Processor,64 bit Windows 10 ,1 Year Onsite Warranty,4.3
138,ASUS,ASUS TUF Gaming A17 ,"₹71,990",512 GB SSD,8 GB DDR4,(17.3 Inch),AMD Ryzen 7 Octa Core Processor,64 bit Windows 11 ,1 YEAR,4.5
139,ASUS,ASUS ,"₹25,990",1 TB HDD,4 GB DDR4,(15.6 inch),Intel Pentium Quad Core Processor,64 bit Windows 10 ,1 Year Warranty,4.4
140,acer,acer Predator Helios 300 ,"₹97,990",1 TB HDD,16 GB DDR4,(15.6 inch),Intel Octa Core i7 Processor (10th Gen),64 bit Windows 10 ,1 Year Onsite Warranty,3.7
141,ASUS,ASUS ,"₹65,990",512 GB SSD,8 GB DDR4,(15.6 inch),Intel Core i5 Processor (10th Gen),Windows 10 ,2 Year Warranty,4.5
142,APPLE,APPLE 2020 Macbook Air ,"₹86,990",256 GB SSD,8 GB DDR4,(13.3 inch),Apple M1 Processor,Mac OS ,1 Year Limited Warranty,4.7
143,Lenovo,Lenovo IdeaPad ,"₹45,990",512 GB SSD,8 GB DDR4,(14 inch),AMD Ryzen 5 Hexa Core Processor,64 bit Windows 10 ,2 Year Onsite�Warranty,4.6
144,DELL,DELL Inspiron ,"₹41,890",256 GB SSD,8 GB DDR4,(14.96 Inch),Intel Core i3 Processor (11th Gen),64 bit Windows 11 ,1 Year Onsite Warranty,4.5
145,MSI,MSI GF65 Thin ,"₹79,990",512 GB SSD,16 GB DDR4,(15.6 inch),Intel Hexa Core i5 Processor (10th Gen),64 bit Windows 10 ,1 Year International Travelers Warranty,3.7
146,APPLE,APPLE 2021 Macbook Pro ,"₹3,05,990",1 TB SSD,32 GB Unified Memory RAM,(16.2 inch),Apple M1 Max Processor,Mac OS ,1 Year Onsite Warranty,4.7
147,Lenovo,Lenovo IdeaPad 3 ,"₹39,490",512 GB SSD,8 GB DDR4,(15.6 inch),Intel Core i3 Processor (11th Gen),64 bit Windows 11 ,2 Years Warranty,4.7
148,HP,HP ,"₹32,990",256 GB SSD,8 GB DDR4,(15.6 mm),AMD Ryzen 3 Dual Core Processor,64 bit Windows 11 ,1 Year Onsite Warranty,4.3
149,acer,acer Aspire 5 ,"₹50,990",512 GB SSD,8 GB DDR4,(15.6 Inch),Intel Core i5 Processor (11th Gen),64 bit Windows 11 ,1 Year On-Site Warranty,4.2
150,HP,HP ,"₹39,990",512 GB SSD,8 GB DDR4,(15.6 inch),Intel Core i3 Processor (11th Gen),64 bit Windows 11 ,1 Year On site Manufacturing warranty,4.6
151,Lenovo,Lenovo IdeaPad 3 ,"₹33,490",256 GB SSD,8 GB DDR4,(15.6 Inch),Intel Core i3 Processor (10th Gen),Windows 11 ,1 Year Warranty,4.3
152,DELL,DELL Vostro ,"₹41,390",512 GB SSD,8 GB DDR4,(14 Inch),Intel Core i3 Processor (10th Gen),64 bit Windows 10 ,1 Year Onsite warranty,4.4
153,MSI,MSI Modern 14 ,"₹41,490",512 GB SSD,8 GB DDR4,(14 inch),Intel Core i5 Processor (10th Gen),64 bit Windows 10 ,1 Year Onsite Hardware Service,4.3
154,ASUS,ASUS Vivobook 15 ,"₹36,990",512 GB SSD,8 GB DDR4,(15.6 inch),AMD Ryzen 3 Dual Core Processor,64 bit Windows 11 ,1 Year Onsite Warranty,4.3
155,Lenovo,Lenovo Legion 5 ,"₹1,33,999",512 GB SSD,16 GB DDR4,(15.6 inch),Intel Core i7 Processor (11th Gen),64 bit Windows 10 ,1 Year Warranty,4.4
156,DELL,DELL Vostro ,"₹39,990",256 GB SSD,8 GB DDR4,(14 Inch),Intel Core i3 Processor (11th Gen),64 bit Windows 10 ,1 Year Onsite Warranty,3.8
157,DELL,DELL ,"₹69,490",512 GB SSD,8 GB DDR4,(15.6 inch),Intel Core i5 Processor (11th Gen),64 bit Windows 11 ,1 Year Onsite Warranty,4.2
158,RedmiBook,RedmiBook 15 ,"₹34,999",512 GB SSD,8 GB DDR4,(15.6 Inch),Intel Core i3 Processor (11th Gen),Windows 10 ,1 Year Onsite Warranty,4.5
159,Lenovo,Lenovo IdeaPad ,"₹45,990",512 GB SSD,8 GB DDR4,(14 inch),AMD Ryzen 5 Hexa Core Processor,64 bit Windows 10 ,1 Year Onsite Warranty,4.2
160,Avita,Avita SATUS ULTIMUS S111 ,"₹21,490",128 GB SSD,4 GB DDR4,(14.1 Inch),Intel Celeron Dual Core Processor,64 bit Windows 11 ,1 Year On-Site Warranty,4.6
161,HP,HP Pavilion ,"₹52,499",512 GB SSD,8 GB DDR4,(14 inch),AMD Ryzen 5 Hexa Core Processor,64 bit Windows 10 ,1 Year Limited Warranty,4.1
162,DELL,DELL Inspiron ,"₹39,690",1 TB HDD,8 GB DDR4,(14.96 Inch),AMD Ryzen 3 Dual Core Processor,64 bit Windows 11 ,1 Year Onsite Warranty,4.4
163,DELL,DELL Inspiron ,"₹62,990",512 GB SSD,16 GB DDR4,(14 inches),Intel Core i5 Processor (11th Gen),64 bit Windows 10 ,1 Year Warranty,3.4
164,MSI,MSI Delta 15 AMD Advantage Edition ,"₹1,14,990",1 TB SSD,16 GB DDR4,(15.6 inch),AMD Ryzen 9 Octa Core Processor,64 bit Windows 11 ,1 Year Onsite Warranty,4.4
165,APPLE,APPLE 2022 MacBook Pro ,"₹1,29,900",256 GB SSD,8 GB Unified Memory RAM,(13.3 Inch),Apple M2 Processor,Mac OS ,1 Year Onsite Warranty,4.7
166,ASUS,ASUS ROG Flow X13 ,"₹1,13,990",1 TB SSD,32 GB LPDDR4X,(13.4 inch),AMD Ryzen 9 Octa Core Processor,64 bit Windows 10 ,1 Year Onsite Warranty,4.8
167,Lenovo,Lenovo IdeaPad 3 ,"₹36,990",256 GB SSD,8 GB DDR4,(15.6 inch),Intel Core i3 Processor (11th Gen),64 bit Windows 10 ,1 Year Onsite Warranty,4.2
168,ASUS,ASUS ,"₹46,500",512 GB SSD,8 GB DDR4,(15.6 inch),Intel Core i5 Processor (10th Gen),64 bit Windows 10 ,1 Year Onsite Warranty,4.4
169,ASUS,ASUS Zenbook 14 ScreenPad Touch Panel ,"₹74,990",512 GB SSD,8 GB LPDDR4X,(14 inch),Intel Core i5 Processor (11th Gen),64 bit Windows 10 ,1 Year Onsite Warranty,4.7
170,ASUS,ASUS VivoBook Ultra ,"₹50,990",512 GB SSD,8 GB DDR4,(14 inch),AMD Ryzen 5 Hexa Core Processor,64 bit Windows 10 ,1 Year Onsite Warranty,4.4
171,Avita,Avita SATUS ULTIMUS S111 ,"₹21,490",128 GB SSD,4 GB DDR4,(14.1 Inch),Intel Celeron Dual Core Processor,64 bit Windows 11 ,2 Year Onsite�Warranty,4.3
172,HP,HP ,"₹56,990",512 GB SSD,8 GB DDR4,(15.6 Inch),Intel Core i5 Processor (12th Gen),64 bit Windows 11 ,1 Year On site Manufacturing warranty,4.3
173,ASUS,ASUS ROG Strix G15 (2022) ,"₹1,03,990",1 TB SSD,16 GB DDR5,(15.6 Inch),AMD Ryzen 7 Octa Core Processor,64 bit Windows 11 ,1 Year Onsite Warranty,4.5
174,HP,HP Pavilion ,"₹73,190",512 GB SSD,16 GB DDR4,(15.6 Inch),Intel Core i5 Processor (12th Gen),64 bit Windows 11 ,1 Year Onsite Warranty,4.1
175,Lenovo,Lenovo IdeaPad 3 ,"₹39,490",512 GB SSD,8 GB DDR4,(15.6 inch),Intel Core i3 Processor (11th Gen),64 bit Windows 11 ,2 Years Warranty,4.8
176,ASUS,ASUS Vivobook 15 ,"₹42,990",512 GB SSD,16 GB DDR4,(15.6 inch),AMD Ryzen 7 Quad Core Processor,64 bit Windows 11 ,1 Year Onsite Warranty,4.8
177,DELL,DELL Vostro ,"₹41,490",512 GB SSD,8 GB DDR4,(15.6 Inch),Intel Core i3 Processor (10th Gen),64 bit Windows 11 ,1 Year Onsite Warranty,4.3
178,HP,HP HP Envy Intel EVO ,"₹91,490",1 TB SSD,16 GB DDR4,(13.3 inch),Intel Core i7 Processor (11th Gen),64 bit Windows 10 ,1 Year Onsite Warranty,4.3
179,Lenovo,Lenovo IdeaPad 3 ,"₹33,490",256 GB SSD,8 GB DDR4,(15.6 Inch),Intel Core i3 Processor (10th Gen),Windows 11 ,1 Year Warranty,4.2
180,DELL,DELL Vostro ,"₹41,590",256 GB SSD,8 GB DDR4,(14 inch),AMD Ryzen 5 Quad Core Processor,64 bit Windows 11 ,1 Year On site Manufacturing warranty,4.3
181,HP,HP 15s ,"₹33,990",1 TB HDD,8 GB DDR4,(15.6 inch),AMD Ryzen 3 Dual Core Processor,64 bit Windows 10 ,1 Year Onsite Warranty,4.5
182,DELL,DELL Inspiron ,"₹61,890",512 GB SSD,8 GB DDR4,(15.6 Inch),AMD Ryzen 7 Octa Core Processor,64 bit Windows 11 ,1 Year Warranty,4.1
183,Lenovo,Lenovo Legion 5 ,"₹1,33,999",512 GB SSD,16 GB DDR4,(15.6 inch),Intel Core i7 Processor (11th Gen),64 bit Windows 10 ,1 Year Warranty,4.2
184,ASUS,ASUS Vivobook 15 ,"₹58,390",512 GB SSD,8 GB DDR4,(15.6 inch),Intel Core i5 Processor (12th Gen),64 bit Windows 11 ,1 year Onsite Warranty,4.6
185,HP,HP ,"₹42,990",512 GB SSD,8 GB DDR4,(15.6 Inch),Intel Core i3 Processor (11th Gen),64 bit Windows 11 ,1 Year Onsite Warranty,4.1
186,Lenovo,Lenovo Ideapad Gaming 3 ,"₹72,990",512 GB SSD,16 GB DDR4,(15.6 inch),AMD Ryzen 7 Octa Core Processor,64 bit Windows 11 ,1 Year Warranty,4.2
187,Lenovo,Lenovo IdeaPad ,"₹45,990",512 GB SSD,8 GB DDR4,(14 inch),AMD Ryzen 5 Hexa Core Processor,64 bit Windows 10 ,1 Year Onsite Warranty,4.4
188,Infinix,Infinix INBook X1 ,"₹39,990",512 GB SSD,8 GB LPDDR4X,(14 inch),Intel Core i5 Processor (10th Gen),64 bit Windows 11 ,1 Year Onsite Warranty,4.1
189,Infinix,Infinix X1 Slim Series ,"₹44,990",512 GB SSD,16 GB LPDDR4X,(14 Inch),Intel Core i5 Processor (10th Gen),64 bit Windows 11 ,1 Year Onsite Warranty,4.3
190,Lenovo,Lenovo IdeaPad Gaming 3i ,"₹88,990",512 GB SSD,8 GB DDR4,(15.6 inch),Intel Core i7 Processor (11th Gen),64 bit Windows 10 ,1 Year International Travelers Warranty,4.4
191,DELL,DELL Inspiron ,"₹62,990",512 GB SSD,16 GB DDR4,(14 inches),Intel Core i5 Processor (11th Gen),64 bit Windows 10 ,1 Year Onsite Warranty,4.2
192,Nokia,Nokia PureBook X14 ,"₹47,990",512 GB SSD,8 GB DDR4,(14 inch),Intel Core i5 Processor (10th Gen),64 bit Windows 10 ,1 Year On-Site Warranty,4.3
193,ASUS,ASUS Vivobook 15 ,"₹39,980",512 GB SSD,8 GB DDR4,(15.6 inch),Intel Core i3 Processor (11th Gen),64 bit Windows 10 ,1 Year Onsite Warranty,4.4
194,acer,acer Extensa 15 ,"₹29,790",256 GB SSD,4 GB DDR4,(15.6 inch),Intel Core i3 Processor (11th Gen),64 bit Windows 11 ,1 Year International Warranty,3.9
195,Avita,Avita SATUS ULTIMUS S111 ,"₹21,490",128 GB SSD,4 GB DDR4,(14.1 Inch),Intel Celeron Dual Core Processor,64 bit Windows 11 ,2 Year Onsite�Warranty,4.2
196,MSI,MSI Modern 14 ,"₹43,990",512 GB SSD,8 GB DDR4,(14 inch),AMD Ryzen 5 Hexa Core Processor,64 bit Windows 10 ,1 Year Onsite Warranty,4.1
197,ASUS,ASUS ROG Strix G15 ,"₹78,990",512 GB SSD,8 GB DDR4,(15.6 Inch),AMD Ryzen 7 Octa Core Processor,64 bit Windows 11 ,1 Year Onsite Warranty,4.5
198,ASUS,ASUS ,"₹98,990",512 GB SSD,16 GB DDR4,(16.6 inch),AMD Ryzen 9 Octa Core Processor,Windows 11 ,1 Year Onsite Warranty,4.6
199,Lenovo,Lenovo IdeaPad 3 ,"₹39,490",512 GB SSD,8 GB DDR4,(15.6 inch),Intel Core i3 Processor (11th Gen),64 bit Windows 11 ,2 Years Warranty,4.3
200,HP,HP ,"₹56,990",512 GB SSD,8 GB DDR4,(14 inch),AMD Ryzen 7 Octa Core Processor,64 bit Windows 10 ,1 Year Onsite Warranty,4.3
201,DELL,DELL Vostro ,"₹56,290",1 TB HDD,8 GB DDR4,(14 inch),Intel Core i5 Processor (11th Gen),64 bit Windows 10 ,3 Year Onsite�Warranty,3.8
202,DELL,DELL Inspiron ,"₹47,090",512 GB SSD,8 GB DDR4,(15.6 Inch),AMD Ryzen 5 Dual Core Processor,64 bit Windows 11 ,1 Year onsite warranty,4.1
203,Lenovo,Lenovo IdeaPad 3 ,"₹33,490",256 GB SSD,8 GB DDR4,(15.6 Inch),Intel Core i3 Processor (10th Gen),Windows 11 ,2 Year Onsite�Warranty,4.3
204,HP,HP Pavilion Aero ,"₹64,488",512 GB SSD,16 GB DDR4,(13.3 inch),AMD Ryzen 5 Hexa Core Processor,64 bit Windows 10 ,1 Year onsite Warranty,4.3
205,Lenovo,Lenovo IdeaPad 5 Pro ,"₹64,990",512 GB SSD,16 GB DDR4,(14 inch),Intel Core i5 Processor (11th Gen),64 bit Windows 10 ,1 Year Onsite�Warranty,4.4
206,HP,HP ,"₹37,990",512 GB SSD,8 GB DDR4,(14 Inch),AMD Ryzen 3 Quad Core Processor,64 bit Windows 11 ,1 Year Onsite Warranty,4.4
207,Lenovo,Lenovo IdeaPad ,"₹37,990",512 GB SSD,8 GB DDR4,(15.6 Inch),Intel Core i3 Processor (11th Gen),64 bit Windows 11 ,1 Year Warranty,4.5
208,HP,HP Pavilion ,"₹65,990",512 GB SSD,16 GB DDR4,(14 inch),Intel Core i5 Processor (11th Gen),64 bit Windows 11 ,1 Year Onsite Warranty,3.4
209,Lenovo,Lenovo IdeaPad 1 ,"₹19,990",256 GB SSD,4 GB DDR4,(11.6 Inch),Intel Celeron Dual Core Processor,64 bit Windows 11 ,1 Year onsite warranty,4.5
210,Infinix,Infinix INBook X1 Neo Series ,"₹24,990",256 GB SSD,8 GB LPDDR4X,(14 inch),Intel Celeron Quad Core Processor,64 bit Windows 11 ,3 Years Warranty,4.2
211,Lenovo,Lenovo Legion 5 ,"₹1,33,999",512 GB SSD,16 GB DDR4,(15.6 inch),Intel Core i7 Processor (11th Gen),64 bit Windows 10 ,1 Year Warranty,4.3
212,ASUS,ASUS VivoBook Flip 14 Touch Panel ,"₹46,990",512 GB SSD,4 GB DDR4,(14 inch),Intel Core i3 Processor (10th Gen),64 bit Windows 10 ,1 Year Onsite Warranty,4.2
213,ASUS,ASUS ,"₹32,585",256 GB SSD,4 GB DDR4,(14 Inch),Intel Core i3 Processor (11th Gen),64 bit Windows 11 ,2 Year On-Site Warranty,4.7
214,Lenovo,Lenovo Yoga 6 ,"₹77,990",512 GB SSD,16 GB DDR4,(13.3 inch),AMD Ryzen 7 Octa Core Processor,64 bit Windows 11 ,1 Year Onsite Warranty,4.6
215,Lenovo,Lenovo IdeaPad ,"₹45,990",512 GB SSD,8 GB DDR4,(14 inch),AMD Ryzen 5 Hexa Core Processor,64 bit Windows 10 ,1 Year Onsite Warranty,4.2
216,HP,HP 14s ,"₹28,990",256 GB SSD,8 GB DDR4,(14 inch),Intel Celeron Dual Core Processor,64 bit Windows 10 ,1 Year Onsite Warranty,3.4
217,MSI,MSI Katana GF66 ,"₹87,990",1 TB SSD,16 GB DDR4,(15.6 inches),Intel Core i7 Processor (11th Gen),64 bit Windows 10 ,1 Year Onsite warranty,4.2
218,ASUS,ASUS (2022) ,"₹29,990",128 GB SSD,4 GB DDR4,(11.6 Inch),Intel Celeron Dual Core Processor,64 bit Windows 11 ,1 Year Warranty,4.3
219,Avita,Avita SATUS ULTIMUS S111 ,"₹21,490",128 GB SSD,4 GB DDR4,(14.1 Inch),Intel Celeron Dual Core Processor,64 bit Windows 11 ,2 Year Onsite�Warranty,4.4
220,DELL,DELL Inspiron ,"₹39,290",1 TB HDD,8 GB DDR4,(14.96 inch),Intel Core i3 Processor (11th Gen),64 bit Windows 11 ,1 Year Onsite Hardware Service,4.3
221,ASUS,ASUS VivoBook Flip 14 ,"₹46,990",256 GB SSD,8 GB LPDDR4X,(14 Inch),Intel Core i3 Processor (11th Gen),64 bit Windows 11 ,1 Year Onsite Warranty,4.1
222,Lenovo,Lenovo Legion 5 ,"₹60,990",1 TB HDD,8 GB DDR4,(15.6 inch),AMD Ryzen 5 Hexa Core Processor,64 bit Windows 10 ,1 Year Manufacturing Warranty,3.6
223,Lenovo,Lenovo IdeaPad 3 ,"₹39,490",512 GB SSD,8 GB DDR4,(15.6 inch),Intel Core i3 Processor (11th Gen),64 bit Windows 11 ,2 Years Warranty,4.7
224,DELL,DELL ,"₹74,490",512 GB SSD,16 GB DDR4,(15.6 inch),Intel Core i5 Processor (11th Gen),64 bit Windows 11 ,1 Year Onsite Warranty,4.6
225,Lenovo,Lenovo ,"₹54,990",512 GB SSD,8 GB DDR4,(14 inch),Intel Core i5 Processor (11th Gen),64 bit Windows 10 ,1 Year Onsite Warranty,4.3
226,ASUS,ASUS Vivobook Ultra K15 ,"₹45,490",512 GB SSD,8 GB DDR4,(15.6 inch),Intel Core i3 Processor (11th Gen),64 bit Windows 11 ,1 Year Onsite Warranty,3.8
227,Lenovo,Lenovo IdeaPad 3 ,"₹33,490",256 GB SSD,8 GB DDR4,(15.6 Inch),Intel Core i3 Processor (10th Gen),Windows 11 ,2 Year Onsite�Warranty,4.4
228,ASUS,ASUS ROG Strix G15 Advantage Edition ,"₹1,54,990",1 TB SSD,16 GB DDR4,(15.6 inch),AMD Ryzen 9 Octa Core Processor,Windows 11 ,1 Year Onsite Warranty,4.3
229,ASUS,ASUS TUF Gaming A17 ,"₹79,990",512 GB SSD,16 GB DDR4,(17.3 inch),AMD Ryzen 7 Octa Core Processor,Windows 10 ,1 year Onsite Warranty,4.4
230,HP,HP Pavilion ,"₹68,990",512 GB SSD,16 GB DDR4,(14 inch),Intel Core i5 Processor (12th Gen),64 bit Windows 11 ,1 Year Onsite Warranty,4.2
231,Lenovo,Lenovo IdeaPad ,"₹37,990",512 GB SSD,8 GB DDR4,(15.6 Inch),Intel Core i3 Processor (11th Gen),64 bit Windows 11 ,1 Year Warranty,4.5
232,DELL,DELL ,"₹78,990",512 GB SSD,8 GB DDR4,(14 inch),Intel Core i5 Processor (11th Gen),64 bit Windows 11 ,1 Year Onsite Warranty,4.2
233,Infinix,Infinix INBook X1 Pro ,"₹50,990",512 GB SSD,16 GB LPDDR4X,(14 Inch),Intel Core i7 Processor (10th Gen),64 bit Windows 11 ,1 Year Onsite Warranty,4.5
234,ASUS,ASUS VivoBook 14 ,"₹53,690",512 GB SSD,8 GB DDR4,(14 inch),Intel Core i5 Processor (8th Gen),64 bit Windows 10 ,1 YEAR,4.7
235,Lenovo,Lenovo Legion 5 ,"₹1,33,999",512 GB SSD,16 GB DDR4,(15.6 inch),Intel Core i7 Processor (11th Gen),64 bit Windows 10 ,1 Year Warranty,4.6
236,HP,HP Pavilion x360 ,"₹47,890",256 GB SSD,8 GB DDR4,(14 inch),Intel Core i3 Processor (10th Gen),64 bit Windows 10 ,3 Years Warranty,4.5
237,HP,HP Pavilion x360 Convertible ,"₹54,490",512 GB SSD,8 GB DDR4,(14 inch),Intel Core i3 Processor (11th Gen),64 bit Windows 11 ,1 Year Onsite Warranty,4.2
238,Lenovo,Lenovo ,"₹67,990",1 TB SSD,8 GB DDR4,(15.6 inch),Intel Core i5 Processor (11th Gen),Windows 10 ,1 Year Onsite Warranty,4.3
239,Lenovo,Lenovo IdeaPad ,"₹45,990",512 GB SSD,8 GB DDR4,(14 inch),AMD Ryzen 5 Hexa Core Processor,64 bit Windows 10 ,1 Year Onsite Warranty,4.4
240,Lenovo,Lenovo Yoga Slim 7 ,"₹72,990",512 GB SSD,16 GB DDR4,(14 inch),Intel Core i5 Processor (11th Gen),64 bit Windows 10 ,1 Year International Travelers Warranty,4.6
241,HP,HP 15s ,"₹46,990",512 GB SSD,8 GB DDR4,(15.6 inch),AMD Ryzen 5 Quad Core Processor,64 bit Windows 10 ,1 Year Onsite Warranty,4.1
242,SAMSUNG,SAMSUNG Galaxy Book Go ,"₹32,990",512 GB SSD,4 GB LPDDR4X,(14 Inch),Snapdragon 7c Gen 2 Processor,Windows 11 ,1 Year International Travelers Warranty,4.1
243,HP,HP Spectre x360 14 Series Intel EVO ,"₹99,990",1 TB HDD,16 GB LPDDR4X,(13.5 inch),Intel Core i5 Processor (11th Gen),64 bit Windows 11 ,1 Year Onsite Warranty,4.1
244,acer,acer Aspire 5 ,"₹47,090",1 TB HDD,8 GB DDR4,(15.6 inch),Intel Core i5 Processor (11th Gen),64 bit Windows 10 ,1 Year Warranty,4.5
245,ASUS,ASUS Vivobook 14 ,"₹39,790",256 GB SSD,8 GB DDR4,(14.1 inch),Intel Core i3 Processor (11th Gen),64 bit Windows 11 ,1 Year onsite warranty,4.1
246,acer,acer Aspire 3 ,"₹36,990",512 GB SSD,8 GB DDR4,(14 inch),Intel Pentium Silver Processor,64 bit Windows 11 ,1 Year Onsite Warranty,4.5
247,ASUS,ASUS Chromebook ,"₹22,990",512 GB SSD,4 GB LPDDR4,(14 inch),Intel Celeron Dual Core Processor,Chrome ,1 Year Premium Support,3.8
248,Lenovo,Lenovo Ideapad Slim 5i ,"₹58,990",512 GB SSD,8 GB DDR4,(14 inch),Intel Core i5 Processor (11th Gen),64 bit Windows 10 ,1 Year Onsite Warranty,4.1
249,ASUS,ASUS VivoBook K15 OLED ,"₹57,990",512 GB SSD,16 GB DDR4,(15.6 Inch),AMD Ryzen 5 Hexa Core Processor,64 bit Windows 11 ,1 Year Onsite Warranty,4.7
250,DELL,DELL Inspiron ,"₹71,890",1 TB HDD,8 GB DDR4,(14 Inch),Intel Core i5 Processor (11th Gen),64 bit Windows 11 ,1 Year Onsite Warranty,4.4
251,DELL,DELL ,"₹1,01,990",1 TB SSD,16 GB DDR4,(15.6 inch),Intel Core i7 Processor (11th Gen),64 bit Windows 11 ,1 Year International Travelers Warranty,4.7
252,ASUS,ASUS ,"₹45,990",1 TB HDD,8 GB DDR4,(15.6 inch),Intel Core i5 Processor (10th Gen),64 bit Windows 10 ,1 Year Onsite Warranty,4.7
253,ASUS,ASUS ZenBook Duo 14 (2021) Touch Panel Intel EVO ,"₹1,19,990",256 GB SSD,16 GB LPDDR4X,(14 inch),Intel Core i7 Processor (11th Gen),64 bit Windows 10 ,1 Year Onsite Warranty,4.3
254,DELL,DELL Inspiron ,"₹40,090",512 GB SSD,8 GB DDR4,(15.6 inch),Intel Core i3 Processor (10th Gen),64 bit Windows 10 ,1 Year Onsite Warranty,4.7
255,acer,acer Aspire 3 ,"₹38,990",512 GB SSD,8 GB DDR4,(15.6 inch),Intel Core i3 Processor (11th Gen),64 bit Windows 11 ,1 Year Limited Warranty,3.9
256,ASUS,ASUS VivoBook Pro 14 OLED ,"₹78,990",512 GB SSD,16 GB DDR4,(14 inch),AMD Ryzen 7 Octa Core Processor,64 bit Windows 11 ,1 Years Carry in Warranty,4.3
257,ASUS,ASUS ROG Strix G15 ,"₹73,490",512 GB SSD,8 GB DDR4,(15.6 inch),AMD Ryzen 7 Octa Core Processor,64 bit Windows 10 ,1 Year Onsite Warranty,4.4
258,HP,HP Pavilion ,"₹69,999",512 GB SSD,16 GB DDR4,(14 inch),AMD Ryzen 7 Octa Core Processor,64 bit Windows 11 ,1 Year Onsite Warranty,4.1
259,APPLE,APPLE MacBook Air ,"₹1,29,990",512 GB SSD,16 GB DDR4,(13.3 inch),Apple M1 Processor,Mac OS ,1 Year Onsite Warranty,4.3
260,MSI,MSI ,"₹54,990",256 GB SSD,8 GB DDR4,(14 inch),Intel Core i7 Processor (10th Gen),64 bit Windows 10 ,1 Year Onsite Warranty,4.6
261,Lenovo,Lenovo ThinkPad E15 ,"₹67,990",512 GB SSD,8 GB DDR4,(15.6 Inch),Intel Core i5 Processor (11th Gen),64 bit Windows 10 ,1 Year Onsite Warranty,4.5
262,DELL,DELL Inspiron ,"₹43,190",256 GB SSD,8 GB DDR4,(15.6 inch),Intel Core i3 Processor (10th Gen),64 bit Windows 10 ,1 Year Onsite Warranty,3.9
263,HP,HP 14s ,"₹42,390",512 GB SSD,8 GB DDR4,(14 inch),Intel Core i3 Processor (11th Gen),64 bit Windows 11 ,1 Year Onsite Warranty,4.3
264,DELL,DELL Inspiron ,"₹43,190",512 GB SSD,8 GB DDR4,(15.6 inch),Intel Core i3 Processor (10th Gen),64 bit Windows 10 ,1 Year Limited Warranty,4.1
265,HP,HP 14s ,"₹42,390",128 GB SSD,8 GB DDR4,(14 inch),Intel Core i3 Processor (11th Gen),64 bit Windows 11 ,1 Year Onsite Warranty,4.7
266,ASUS,ASUS Zenbook 13 Intel EVO ,"₹71,990",512 GB SSD,16 GB LPDDR4,(13.3 Inch),Intel Core i5 Processor (11th Gen),64 bit Windows 11 ,1 Years Carry in Warranty,4.7
267,Avita,Avita SATUS ULTIMUS S111 ,"₹21,490",512 GB SSD,4 GB DDR4,(14.1 Inch),Intel Celeron Dual Core Processor,64 bit Windows 11 ,1 Year International Travelers Warranty,4.3
268,APPLE,APPLE MacBook Air ,"₹1,29,990",512 GB SSD,16 GB DDR4,(13.3 inch),Apple M1 Processor,Mac OS ,1 Year Onsite Warranty,4.6
269,HP,HP Pavilion ,"₹69,999",512 GB SSD,16 GB DDR4,(14 inch),AMD Ryzen 7 Octa Core Processor,64 bit Windows 11 ,1 Year onsite Warranty,4.7
270,MSI,MSI ,"₹54,990",1 TB SSD,8 GB DDR4,(14 inch),Intel Core i7 Processor (10th Gen),64 bit Windows 10 ,1 Year Onsite Warranty,4.3
271,acer,acer Aspire Vero(Green PC ) ,"₹58,390",512 GB SSD,8 GB DDR4,(15.6 inch),Intel Core i5 Processor (11th Gen),64 bit Windows 11 ,1 Year Onsite Warranty,4.2
272,ASUS,ASUS ROG Strix G15 Advantage Edition ,"₹1,44,990",1 TB HDD,16 GB DDR4,(15.6 inch),AMD Ryzen 9 Octa Core Processor,Windows 10 ,1 Year Onsite Warranty,4.3
273,ASUS,ASUS Vivobook Pro 14 OLED (2021) ,"₹88,990",512 GB SSD,16 GB DDR4,(14 Inch),AMD Ryzen 7 Octa Core Processor,64 bit Windows 10 ,1 Year Warranty,4.5
274,ASUS,ASUS VivoBook 15 (2022) ,"₹47,990",256 GB SSD,8 GB DDR4,(15.6 inch),Intel Core i5 Processor (11th Gen),Windows 10 ,1 Year Onsite Warranty,4.3
275,Lenovo,Lenovo IdeaPad Gaming ,"₹53,990",512 GB SSD,8 GB DDR4,(15.6 Inch),Intel Core i5 Processor (11th Gen),64 bit Windows 11 ,2 Years Warranty,3.7
276,Lenovo,Lenovo ThinkPad E15 ,"₹44,990",512 GB SSD,4 GB DDR4,(15.6 inch),Intel Core i3 Processor (11th Gen),64 bit Windows 10 ,1 Year Onsite Warranty,4.5
277,Lenovo,Lenovo IdeaPad Gaming 3 ,"₹78,990",256 GB SSD,16 GB DDR4,(15.6 Inch),AMD Ryzen 7 Octa Core Processor,64 bit Windows 11 ,1 Year Onsite Warranty,4.7
278,ASUS,ASUS VivoBook 14 (2022) ,"₹47,990",1 TB HDD,8 GB DDR4,(14 inch),Intel Core i3 Processor (12th Gen),Windows 11 ,1 Year Onsite Warranty,4.3
279,Lenovo,Lenovo IdeaPad 3 ,"₹33,490",256 GB SSD,8 GB DDR4,(15.6 Inch),Intel Core i3 Processor (10th Gen),Windows 11 ,2 Year Onsite�Warranty,3.8
280,ASUS,ASUS VivoBook 15 ,"₹29,990",512 GB SSD,4 GB DDR4,(15.6 inch),Intel Core i3 Processor (10th Gen),64 bit Windows 10 ,1 Year Onsite Warranty,4.4
281,HP,HP Pavilion x360 ,"₹47,890",512 GB SSD,8 GB DDR4,(14 inch),Intel Core i3 Processor (10th Gen),64 bit Windows 10 ,1 Year Onsite Warranty,4.2
282,ASUS,ASUS VivoBook Flip 14 ,"₹63,990",1 TB SSD,8 GB LPDDR4X,(14 inch),Intel Core i5 Processor (11th Gen),Windows 11 ,3 Years Warranty,4.5
283,Lenovo,Lenovo ,"₹34,490",1 TB HDD,8 GB DDR4,(15.6 inch),Intel Core i3 Processor (10th Gen),64 bit Windows 11 ,1 Year Warranty,4.2
284,ASUS,ASUS ,"₹96,990",1 TB SSD,16 GB DDR4,(14 Inch),AMD Ryzen 7 Octa Core Processor,64 bit Windows 11 ,1 Year International Travelers Warranty,3.7
285,ASUS,ASUS ,"₹22,990",512 GB SSD,4 GB DDR4,(15.6 inch),Intel Celeron Dual Core Processor,64 bit Windows 10 ,2 Year Carry-In Warranty,4.2
286,Lenovo,Lenovo Yoga Slim 7 Intel EVO ,"₹1,02,990",512 GB SSD,16 GB DDR4,(14 inch),Intel Core i7 Processor (11th Gen),64 bit Windows 10 ,1 Year International Travelers Warranty,4.3
287,Lenovo,Lenovo Legion 5 ,"₹1,33,999",1 TB SSD,16 GB DDR4,(15.6 inch),Intel Core i7 Processor (11th Gen),64 bit Windows 10 ,1 Year Onsite Warranty,4.3
288,acer,acer Extensa ,"₹33,990",512 GB SSD,8 GB DDR4,(15.6 Inch),Intel Core i3 Processor (11th Gen),64 bit Windows 11 ,1 Year Onsite�Warranty,4.1
289,MSI,MSI GP66 Leopard ,"₹1,39,990",128 GB SSD,16 GB DDR4,(15.6 inch),Intel Core i7 Processor (11th Gen),64 bit Windows 10 ,1 Year Onsite Warranty,4.5
290,acer,acer Aspire 7 ,"₹56,990",512 GB SSD,8 GB DDR4,(15.6 inch),Intel Core i5 Processor (12th Gen),64 bit Windows 11 ,1 Year Onsite Warranty,4.3
291,Avita,Avita SATUS ULTIMUS S111 ,"₹21,490",512 GB SSD,4 GB DDR4,(14.1 Inch),Intel Celeron Dual Core Processor,64 bit Windows 11 ,1 Year International Travelers Warranty,3.8
292,Lenovo,Lenovo IdeaPad Flex 5 ,"₹58,990",512 GB SSD,8 GB DDR4,(14 inch),Intel Core i3 Processor (11th Gen),64 bit Windows 10 ,1 Year Onsite Warranty,4.3
293,HP,HP Pavilion ,"₹63,990",512 GB SSD,8 GB DDR4,(15.6 inch),Intel Core i5 Processor (11th Gen),64 bit Windows 10 ,1 Year International Travelers Warranty,4.2
294,ASUS,ASUS Vivobook 15 Touch ,"₹54,490",1 TB HDD,8 GB DDR4,(15.6 inch),Intel Core i5 Processor (11th Gen),Windows 11 ,1 Year Onsite Warranty,3.6
295,acer,acer Aspire Vero(Green PC ) ,"₹58,390",512 GB SSD,8 GB DDR4,(15.6 inch),Intel Core i5 Processor (11th Gen),64 bit Windows 11 ,1 Year Onsite Warranty,2.7
296,ASUS,ASUS VivoBook ,"₹55,990",1 TB SSD,8 GB DDR4,(15.6 inch),Intel Core i5 Processor (11th Gen),64 bit Windows 10 ,1 Year Limited Hardware Warranty,4.3
297,acer,acer Aspire 5 ,"₹53,390",512 GB SSD,8 GB DDR4,(15.6 inch),AMD Ryzen 5 Hexa Core Processor,64 bit Windows 10 ,1 Year Onsite Warranty,3.4
298,ASUS,ASUS ROG Strix G15 (2022) ,"₹1,37,990",1 TB HDD,16 GB DDR5,(15.6 inch),AMD Ryzen 7 Octa Core Processor,Windows 11 ,1 Year International Travelers Warranty,4.4
299,Lenovo,Lenovo IdeaPad Gaming ,"₹53,990",512 GB SSD,8 GB DDR4,(15.6 Inch),Intel Core i5 Processor (11th Gen),64 bit Windows 11 ,2 Years Warranty,4.3
300,DELL,DELL Vostro ,"₹54,290",512 GB SSD,8 GB DDR4,(35 cm),Intel Core i5 Processor (11th Gen),64 bit Windows 10 ,1 Year Onsite Warranty,4.2
301,ASUS,ASUS VivoBook 17 ,"₹52,990",256 GB SSD,16 GB DDR4,(17.3 inches),AMD Ryzen 5 Hexa Core Processor,64 bit Windows 10 ,1 Year International Travelers Warranty,4.1
302,acer,acer Intel EVO Swift 5 ,"₹74,990",256 GB SSD,8 GB DDR4,(14 Inch),Intel Core i5 Processor (11th Gen),64 bit Windows 11 ,1 Year Onsite Warranty,4.2
303,Lenovo,Lenovo IdeaPad 3 ,"₹33,490",1 TB HDD,8 GB DDR4,(15.6 Inch),Intel Core i3 Processor (10th Gen),Windows 11 ,2 Year Onsite�Warranty,4.2
304,HP,HP Athlon ,"₹30,990",256 GB SSD,8 GB DDR4,(14 inch),AMD Athlon Dual Core Processor,64 bit Windows 11 ,1 year Onsite Warranty,4.4
305,acer,acer Extensa 15 ,"₹27,990",512 GB SSD,4 GB DDR4,(15.6 inch),Intel Pentium Quad Core Processor,64 bit Windows 11 ,1 Year Onsite Warranty,4.2
306,DELL,DELL Inspiron ,"₹39,490",512 GB SSD,4 GB DDR4,(15 inch),Intel Core i3 Processor (10th Gen),64 bit Windows 10 ,1 Year Onsite Warranty,4.2
307,Lenovo,Lenovo ,"₹34,490",1 TB HDD,8 GB DDR4,(15.6 inch),Intel Core i3 Processor (10th Gen),64 bit Windows 11 ,1 Year Warranty,4.3
308,Infinix,Infinix INBook X1 Pro ,"₹50,990",512 GB SSD,16 GB LPDDR4X,(14 Inch),Intel Core i7 Processor (10th Gen),64 bit Windows 11 ,1 Year Limited Hardware Warranty,4.5
309,HP,HP 15s ,"₹40,500",512 GB SSD,8 GB DDR4,(15.6 Inch),Intel Core i3 Processor (10th Gen),64 bit Windows 10 ,1 Year Carry In Warranty,4.1
310,ASUS,ASUS ROG Strix G15 (2022) ,"₹99,990",1 TB HDD,16 GB DDR5,(15.6 Inch),AMD Ryzen 7 Octa Core Processor,Windows 11 ,1 Year International Travelers Warranty,4.4
311,Lenovo,Lenovo Legion 5 ,"₹1,33,999",512 GB SSD,16 GB DDR4,(15.6 inch),Intel Core i7 Processor (11th Gen),64 bit Windows 10 ,1 Year Onsite Warranty,3.6
312,DELL,DELL Inspiron ,"₹58,990",1 TB SSD,4 GB DDR4,(15.6 inch),Intel Core i5 Processor (11th Gen),64 bit Windows 10 ,1 Year Onsite Warranty,4.3
313,MSI,MSI Modern 14 ,"₹56,490",128 GB SSD,8 GB DDR4,(14 inch),Intel Core i5 Processor (10th Gen),64 bit Windows 10 ,1 Year On site Manufacturing warranty,4.5
314,acer,acer Predator Helios 300 ,"₹1,39,990",512 GB SSD,16 GB DDR4,(15.6 Inch),Intel Core i9 Processor (11th Gen),64 bit Windows 11 ,1 Year onsite warranty,4.2
315,Avita,Avita SATUS ULTIMUS S111 ,"₹21,490",512 GB SSD,4 GB DDR4,(14.1 Inch),Intel Celeron Dual Core Processor,64 bit Windows 11 ,2 Years Warranty,4.4
316,HP,HP Pavilion ,"₹71,990",256 GB SSD,16 GB DDR4,(14 Inch),Intel Core i5 Processor (11th Gen),64 bit Windows 11 ,1 Year Onsite Warranty,4.6
317,ASUS,ASUS Vivobook 15 ,"₹34,990",1 TB SSD,8 GB DDR4,(15.6 inch),AMD Ryzen 3 Dual Core Processor,64 bit Windows 11 ,1 Year International Travelers Warranty,4.2
318,ASUS,ASUS Chromebook ,"₹18,990",1 TB SSD,4 GB LPDDR4,(11.6 Inch),Intel Celeron Dual Core Processor,64 bit Chrome ,2 Year Carry-In Warranty,4.3
319,Lenovo,Lenovo IdeaPad 3 ,"₹33,490",512 GB SSD,8 GB DDR4,(15.6 Inch),Intel Core i3 Processor (10th Gen),Windows 11 ,1 Year Warranty,4.3
320,ASUS,ASUS TUF Gaming F15 ,"₹1,44,990",512 GB SSD,16 GB DDR4,(15.6 inch),Intel Core i9 Processor (11th Gen),64 bit Windows 10 ,1 Year Onsite Warranty,4.4
321,acer,acer Predator Helios 300 ,"₹1,19,990",256 GB SSD,16 GB DDR4,(15.6 Inch),Intel Core i9 Processor (11th Gen),64 bit Windows 11 ,1 Year Onsite Warranty,4.1
322,MSI,MSI Sword 15 ,"₹85,990",1 TB SSD,16 GB DDR4,(15.6 Inch),Intel Core i5 Processor (12th Gen),64 bit Windows 11 ,1 Year Warranty,4.2
323,Lenovo,Lenovo Legion 5 ,"₹1,33,999",512 GB SSD,16 GB DDR4,(15.6 inch),Intel Core i7 Processor (11th Gen),64 bit Windows 10 ,1 Year Warranty,4.5
324,Lenovo,Lenovo Ideapad S145 ,"₹36,490",512 GB SSD,8 GB DDR4,(15.6 inch),Intel Core i3 Processor (10th Gen),64 bit Windows 10 ,1 Year Onsite Warranty,4.3
325,ASUS,ASUS TUF Gaming A17 (2022) ,"₹1,19,000",512 GB SSD,16 GB DDR5,(17.3 Inch),AMD Ryzen 7 Octa Core Processor,64 bit Windows 11 ,1 Year Warranty,4.4
326,Lenovo,Lenovo Ideapad Slim 5 ,"₹63,990",1 TB HDD,8 GB DDR4,(14 Inch),AMD Ryzen 7 Octa Core Processor,64 bit Windows 10 ,1 Year Onsite Warranty,4.2
327,Lenovo,Lenovo IdeaPad ,"₹45,990",512 GB SSD,8 GB DDR4,(14 inch),AMD Ryzen 5 Hexa Core Processor,64 bit Windows 10 ,1 Year Onsite Warranty,4.4
328,ASUS,ASUS Vivobook S14 OLED (2022) Intel EVO ,"₹94,990",512 GB SSD,16 GB DDR4,(14 inch),Intel Core i7 Processor (12th Gen),Windows 11 ,1 Year Onsite Warranty,4.6
329,Lenovo,Lenovo Legion ,"₹60,990",512 GB SSD,8 GB DDR4,(15.6 inch),Intel Core i5 Processor (9th Gen),64 bit Windows 10 ,1 Year Onsite Warranty,4.4
330,DELL,DELL Inspiron ,"₹71,890",512 GB SSD,8 GB DDR4,(14 Inch),Intel Core i5 Processor (11th Gen),64 bit Windows 11 ,1 Year Onsite Warranty,4.1
331,DELL,DELL Inspiron ,"₹62,990",1 TB SSD,16 GB DDR4,(14 inches),Intel Core i5 Processor (11th Gen),64 bit Windows 10 ,1 Year Warranty,4.2
332,HP,HP ,"₹61,990",256 GB SSD,8 GB DDR4,(15.6 Inch),Intel Core i5 Processor (11th Gen),64 bit Windows 11 ,1 Year Onsite Warranty,4.4
333,ASUS,ASUS VivoBook 15 (2022) ,"₹57,185",512 GB SSD,16 GB DDR4,(15.6 inch),Intel Core i7 Processor (10th Gen),64 bit Windows 11 ,1 Year International Travelers Warranty,4.5
334,ASUS,ASUS ROG Flow Z13 (2022) ,"₹1,81,990",512 GB SSD,16 GB LPDDR5,(13.4 Inch),Intel Core i9 Processor (12th Gen),64 bit Windows 11 ,1 Year Onsite Warranty,4.7
335,Lenovo,Lenovo IdeaPad 3 ,"₹36,990",1 TB HDD,8 GB DDR4,(15.6 inch),Intel Core i3 Processor (11th Gen),64 bit Windows 10 ,3 Years Warranty,3.9
336,DELL,DELL G15 ,"₹1,03,990",128 GB SSD,16 GB DDR4,(15.6 inch),Intel Core i7 Processor (11th Gen),64 bit Windows 11 ,1 Year Onsite Warranty,4.2
337,APPLE,APPLE 2020 Macbook Pro ,"₹1,30,990",512 GB SSD,8 GB DDR4,(13.3 inch),Apple M1 Processor,Mac OS ,1 Year International Travelers Warranty,4.4
338,acer,acer Aspire 5 ,"₹49,990",512 GB SSD,8 GB DDR4,(15.6 inch),Intel Core i5 Processor (11th Gen),64 bit Windows 11 ,1 Year Limited Warranty,4.1
339,Avita,Avita SATUS ULTIMUS S111 ,"₹21,490",512 GB SSD,4 GB DDR4,(14.1 Inch),Intel Celeron Dual Core Processor,64 bit Windows 11 ,1 Year Onsite Warranty,4.3
340,Lenovo,Lenovo IdeaPad 5 Pro ,"₹69,990",512 GB SSD,16 GB DDR4,(14 Inch),Intel Core i5 Processor (11th Gen),Windows 10 ,1 Year Onsite Warranty,4.7
341,HP,HP ,"₹47,990",512 GB SSD,8 GB DDR4,(15.6 inch),AMD Ryzen 5 Hexa Core Processor,Windows 11 ,1 Year Onsite Warranty,4.6
342,ASUS,ASUS VivoBook Pro 14 OLED (2022) ,"₹62,990",1 TB HDD,16 GB DDR4,(14 inch),Intel Core i5 Processor (11th Gen),64 bit Windows 11 ,1 Year Onsite Warranty,4.2
343,acer,acer Aspire Vero(Green PC ) ,"₹58,390",512 GB SSD,8 GB DDR4,(15.6 inch),Intel Core i5 Processor (11th Gen),64 bit Windows 11 ,1 year Onsite Warranty,4.3
344,APPLE,APPLE MacBook Air ,"₹1,22,990",512 GB SSD,16 GB DDR4,(13.3 inch),Apple M1 Processor,Mac OS ,1 Year Premium Support,4.4
345,DELL,DELL Vostro ,"₹38,790",512 GB SSD,4 GB DDR4,(35 cm),Intel Core i3 Processor (11th Gen),64 bit Windows 11 ,2 Years Warranty,4.2
346,ASUS,ASUS Zenbook 13 Intel EVO ,"₹69,990",512 GB SSD,16 GB LPDDR4X,(13.3 Inch),Intel Core i5 Processor (11th Gen),64 bit Windows 11 ,1 YEAR,4.2
347,Lenovo,Lenovo IdeaPad Gaming ,"₹53,990",512 GB SSD,8 GB DDR4,(15.6 Inch),Intel Core i5 Processor (11th Gen),64 bit Windows 11 ,1 Year Onsite Warranty,4.6
348,ASUS,ASUS VivoBook Ultra K14 (2021) ,"₹50,990",256 GB SSD,8 GB DDR4,(14 inch),AMD Ryzen 5 Hexa Core Processor,64 bit Windows 10 ,2 Year Onsite�Warranty,4.2
349,Infinix,Infinix INBook X1 ,"₹39,990",256 GB SSD,8 GB LPDDR4X,(14 inch),Intel Core i5 Processor (10th Gen),64 bit Windows 11 ,1 Year Onsite Warranty,4.5
350,DELL,DELL G15 ,"₹1,27,990",1 TB SSD,16 GB DDR5,(15.6 Inch),Intel Core i7 Processor (12th Gen),64 bit Windows 11 ,2 Years Warranty,4.4
351,Lenovo,Lenovo IdeaPad 3 ,"₹33,490",512 GB SSD,8 GB DDR4,(15.6 Inch),Intel Core i3 Processor (10th Gen),Windows 11 ,1 Year Onsite Warranty,4.3
352,APPLE,APPLE 2020 Macbook Air ,"₹96,990",512 GB SSD,8 GB DDR4,(13.3 inch),Apple M1 Processor,Mac OS ,1 Year Warranty,3.3
353,HP,HP 250 G8 53L46PA ,"₹37,990",512 GB SSD,4 GB DDR4,(15.748 inch),Intel Core i3 Processor (10th Gen),Windows 10 ,1 Year Onsite�Warranty,4.4
354,realme,realme Book Prime ,"₹62,999",256 GB SSD,16 GB LPDDR4X,(14 inch),Intel Core i5 Processor (11th Gen),Windows 11 ,1 Year Onsite Warranty,4.1
355,Lenovo,Lenovo ,"₹34,490",1 TB SSD,8 GB DDR4,(15.6 inch),Intel Core i3 Processor (10th Gen),64 bit Windows 11 ,1 Year Onsite Warranty,3.8
356,HP,HP ,"₹58,990",512 GB SSD,8 GB DDR4,(15.6 inch),Intel Core i5 Processor (12th Gen),64 bit Windows 11 ,1 Year Onsite Warranty,4.3
357,Lenovo,Lenovo IdeaPad 3 ,"₹35,990",512 GB SSD,4 GB DDR4,(15.6 inch),Intel Core i3 Processor (10th Gen),64 bit Windows 10 ,18 Months Warranty,4.3
358,HP,HP Pavilion ,"₹85,490",2 TB SSD,16 GB DDR4,(15.6 inch),Intel Core i7 Processor (12th Gen),64 bit Windows 11 ,1 Year Limited Warranty,4.6
359,Lenovo,Lenovo Legion 5 ,"₹1,33,999",512 GB SSD,16 GB DDR4,(15.6 inch),Intel Core i7 Processor (11th Gen),64 bit Windows 10 ,1 Year Onsite Warranty,4.1
360,Lenovo,Lenovo IdeaPad ,"₹57,990",128 GB SSD,8 GB DDR4,(15.6 inch),AMD Ryzen 5 Hexa Core Processor,64 bit Windows 10 ,2 Year Onsite�Warranty,4.2
361,ASUS,ASUS ROG Strix SCAR 15 (2022) ,"₹2,99,990",1 TB SSD,32 GB DDR5,(15.6 inch),Intel Core i9 Processor (12th Gen),64 bit Windows 11 ,1 Year Onsite Warranty,4.4
362,HP,HP HP Envy Intel EVO ,"₹74,499",512 GB SSD,16 GB DDR4,(13.3 inch),Intel Core i5 Processor (11th Gen),64 bit Windows 10 ,1 Year International Travelers Warranty,3.5
363,Avita,Avita SATUS ULTIMUS S111 ,"₹21,490",1 TB SSD,4 GB DDR4,(14.1 Inch),Intel Celeron Dual Core Processor,64 bit Windows 11 ,1 Year On-Site Warranty,3.6
364,Avita,Avita Liber ,"₹49,990",512 GB SSD,16 GB DDR4,(14 inch),Intel Core i7 Processor (10th Gen),64 bit Windows 10 ,2 Years Warranty,4.6
365,APPLE,APPLE 2022 MacBook Pro ,"₹1,49,900",1 TB HDD,8 GB Unified Memory RAM,(13.3 Inch),Apple M2 Processor,Mac OS ,1 Year Limited Hardware Warranty,4.2
366,ASUS,ASUS TUF Gaming F15 (2022) ,"₹1,41,980",1 TB SSD,16 GB DDR5,(15.6 inch),Intel Core i7 Processor (12th Gen),64 bit Windows 11 ,1 Year Onsite Warranty,4.4
367,Lenovo,Lenovo IdeaPad 3 ,"₹39,490",512 GB SSD,8 GB DDR4,(15.6 inch),Intel Core i3 Processor (11th Gen),64 bit Windows 11 ,1 Year Onsite Warranty,4.4
368,ASUS,ASUS VivoBook 15 ,"₹38,990",256 GB SSD,8 GB DDR4,(15.6 inch),Intel Core i3 Processor (10th Gen),64 bit Windows 10 ,1 Year Warranty,4.4
369,acer,acer Predator Helios 300 ,"₹1,89,990",512 GB SSD,16 GB DDR5,(15.6 Inch),Intel Core i7 Processor (12th Gen),64 bit Windows 11 ,1 Year Onsite Warranty,4.2
370,MSI,MSI Prestige 14 Intel EVO ,"₹69,990",1 TB SSD,16 GB LPDDR4X,(14 inch),Intel Core i5 Processor (11th Gen),64 bit Windows 10 ,1 Year Onsite Warranty,3.5
371,Lenovo,Lenovo IdeaPad 3 ,"₹33,490",512 GB SSD,8 GB DDR4,(15.6 Inch),Intel Core i3 Processor (10th Gen),Windows 11 ,1 Year Onsite Warranty,4.3
372,DELL,DELL XPS ,"₹1,35,290",512 GB SSD,8 GB LPDDR4X,(13.3 inch),Intel Core i5 Processor (10th Gen),64 bit Windows 10 ,1 Year Warranty,4.2
373,ASUS,ASUS ROG Strix G15 ,"₹1,17,990",512 GB SSD,16 GB DDR4,(15.6 inch),AMD Ryzen 9 Octa Core Processor,64 bit Windows 10 ,3 Years Warranty,4.1
374,DELL,DELL Inspiron ,"₹43,790",1 TB HDD,8 GB DDR4,(15.6 Inch),AMD Ryzen 3 Dual Core Processor,64 bit Windows 11 ,1 Year Onsite Warranty,4.3
375,Lenovo,Lenovo Legion 5 ,"₹1,33,999",1 TB HDD,16 GB DDR4,(15.6 inch),Intel Core i7 Processor (11th Gen),64 bit Windows 10 ,3 years premier Warranty,4.3
376,HP,HP Pavilion ,"₹69,990",512 GB SSD,8 GB DDR4,(15.6 inch),AMD Ryzen 5 Hexa Core Processor,64 bit Windows 11 ,1 Year Onsite Warranty,4.1
377,Lenovo,Lenovo ,"₹33,990",512 GB SSD,4 GB DDR4,(15 inch),Intel Core i3 Processor (11th Gen),64 bit DOS ,1 Year Onsite Warranty,4.5
378,HP,HP 15s ,"₹54,000",1 TB SSD,8 GB DDR4,(15.6 inch),Intel Core i5 Processor (11th Gen),64 bit Windows 10 ,1 Year Limited Warranty,4.2
379,Lenovo,Lenovo IdeaPad ,"₹45,990",512 GB SSD,8 GB DDR4,(14 inch),AMD Ryzen 5 Hexa Core Processor,64 bit Windows 10 ,1 Year Onsite Warranty,4.4
380,Lenovo,Lenovo Yoga 7 ,"₹97,490",512 GB SSD,16 GB DDR4,(14 Inch),Intel Core i7 Processor (11th Gen),64 bit Windows 11 ,1 Year Onsite Warranty,4.6
381,HP,HP Spectre x360 14 Intel EVO ,"₹1,33,490",512 GB SSD,16 GB LPDDR4X,(13.5 inch),Intel Core i7 Processor (11th Gen),64 bit Windows 10 ,1 YEAR,3.3
382,Lenovo,Lenovo Thinkbook Convertible ,"₹84,990",512 GB SSD,16 GB DDR4,(14 inch),Intel Core i7 Processor (11th Gen),64 bit Windows 10 ,1 Year onsite warranty,4.4
383,DELL,DELL Inspiron ,"₹62,990",1 TB SSD,16 GB DDR4,(14 inches),Intel Core i5 Processor (11th Gen),64 bit Windows 10 ,1 Year Warranty,4.7
384,Infinix,Infinix X1 Slim Series ,"₹44,990",128 GB SSD,16 GB LPDDR4X,(14 Inch),Intel Core i5 Processor (10th Gen),64 bit Windows 11 ,2 Years Warranty,3.8
385,APPLE,APPLE 2022 MacBook AIR ,"₹1,49,900",1 TB HDD,8 GB Unified Memory RAM,(13.6 Inch),Apple M2 Processor,Mac OS ,1 Year Carry-In Warranty,3.9
386,HP,HP OMEN ,"₹1,21,990",512 GB SSD,16 GB DDR4,(16.1 inch),AMD Ryzen 9 Octa Core Processor,64 bit Windows 10 ,1 Year Onsite Warranty,4.2
387,Avita,Avita SATUS ULTIMUS S111 ,"₹21,490",512 GB SSD,4 GB DDR4,(14.1 Inch),Intel Celeron Dual Core Processor,64 bit Windows 11 ,1 Year Onsite Warranty,4.4
388,DELL,DELL ,"₹56,990",256 GB SSD,8 GB DDR4,(15.6 inch),Intel Core i5 Processor (11th Gen),Windows 11 ,1 Year Warranty,4.2
389,ASUS,ASUS Zenbook Flip 13 OLED Touch Panel Intel EVO ,"₹79,990",512 GB SSD,8 GB LPDDR4X,(13.3 Inch),Intel Core i5 Processor (11th Gen),64 bit Windows 11 ,1 Year International Travelers Warranty,4.3
390,MSI,MSI Modern 14 ,"₹48,790",512 GB SSD,8 GB DDR4,(14 inch),Intel Core i3 Processor (11th Gen),64 bit Windows 10 ,1 Year International Travelers Warranty,3.3
391,Lenovo,Lenovo IdeaPad 3 ,"₹33,490",1 TB HDD,8 GB DDR4,(15.6 Inch),Intel Core i3 Processor (10th Gen),Windows 11 ,3 Years Warranty,4.4
392,MSI,MSI ,"₹76,990",512 GB SSD,8 GB DDR4,(14 inch),Intel Core i7 Processor (11th Gen),64 bit Windows 10 ,1 Year Warranty,4.4
393,DELL,DELL Inspiron ,"₹48,890",512 GB SSD,8 GB DDR4,(15.6 inch),AMD Ryzen 5 Quad Core Processor,64 bit Windows 11 ,1 Year Onsite Warranty,4.1
394,HP,HP Pavilion Gaming ,"₹68,990",512 GB SSD,8 GB DDR4,(15.6 inch),AMD Ryzen 5 Hexa Core Processor,64 bit Windows 10 ,1 Year Carry-in Warranty,4.5
395,Lenovo,Lenovo Legion 5 ,"₹1,33,999",512 GB SSD,16 GB DDR4,(15.6 inch),Intel Core i7 Processor (11th Gen),64 bit Windows 10 ,1 Year Onsite Warranty,4.3
396,acer,acer Aspire 3 ,"₹31,990",512 GB SSD,4 GB DDR4,(15.6 Inch),AMD Ryzen 3 Dual Core Processor,64 bit Windows 11 ,1 Year Onsite Warranty,4.4
397,acer,acer ,"₹62,990",512 GB SSD,8 GB DDR4,(15.6 inch),Intel Core i5 Processor (12th Gen),64 bit Windows 11 ,1 Year Limited Hardware Warranty,4.1
398,Lenovo,Lenovo Yoga Slim 7 ,"₹69,990",512 GB SSD,8 GB LPDDR4X,(14 inch),Intel Core i5 Processor (10th Gen),64 bit Windows 10 ,1 Year Onsite Warranty,4.3
399,Lenovo,Lenovo IdeaPad ,"₹45,990",1 TB SSD,8 GB DDR4,(14 inch),AMD Ryzen 5 Hexa Core Processor,64 bit Windows 10 ,1 Year Onsite Warranty,3.5
400,DELL,DELL ,"₹56,290",512 GB SSD,8 GB DDR4,(15.6 inch),Intel Core i5 Processor (11th Gen),Windows 11 ,1 Year Warranty,4.3
401,Lenovo,Lenovo Ideapad Slim 3 ,"₹35,290",1 TB SSD,8 GB DDR4,(15.6 inch),Intel Core i3 Processor (10th Gen),64 bit Windows 10 ,1 Year Onsite Warranty,3.9
402,ASUS,ASUS ROG Flow Z13 (2022) ,"₹1,91,990",1 TB SSD,16 GB LPDDR5,(13.4 Inch),Intel Core i9 Processor (12th Gen),64 bit Windows 11 ,1 Year Onsite Warranty,4.4
403,DELL,DELL Inspiron ,"₹62,990",256 GB SSD,16 GB DDR4,(14 inches),Intel Core i5 Processor (11th Gen),64 bit Windows 10 ,1 Year Onsite Warranty,4.3
404,APPLE,APPLE MacBook Pro with Touch Bar ,"₹1,80,990",256 GB SSD,16 GB LPDDR4X,(13 inch),Intel Core i5 Processor (10th Gen),Mac OS ,1 Year Onsite Warranty,4.2
405,HP,HP HP Envy ,"₹89,999",512 GB SSD,16 GB DDR4,(13.3 inch),AMD Ryzen 7 Octa Core Processor,64 bit Windows 11 ,1 Year International Travelers Warranty,4.6
406,DELL,DELL ,"₹39,590",1 TB HDD,8 GB DDR4,(15.6 inch),AMD Ryzen 3 Dual Core Processor,64 bit Windows 10 ,1 Year Onsite Warranty,4.6
407,Lenovo,Lenovo IdeaPad 3 ,"₹36,990",512 GB SSD,8 GB DDR4,(15.6 inch),Intel Core i3 Processor (11th Gen),64 bit Windows 10 ,1 Year Premium Support,4.4
408,ASUS,ASUS VivoBook Ultra 14 ,"₹57,990",128 GB SSD,8 GB DDR4,(14 inch),Intel Core i5 Processor (10th Gen),64 bit Windows 10 ,2 Year Onsite�Warranty,4.2
409,ASUS,ASUS ,"₹54,990",1 TB SSD,8 GB DDR4,(15.6 inch),Intel Core i5 Processor (10th Gen),Windows 10 ,1 Year Warranty,4.6
410,DELL,DELL Vostro ,"₹59,890",1 TB HDD,8 GB DDR4,(14 inch),AMD Ryzen 5 Hexa Core Processor,64 bit Windows 10 ,1 Year Onsite Warranty,
411,Avita,Avita SATUS ULTIMUS S111 ,"₹21,490",512 GB SSD,4 GB DDR4,(14.1 Inch),Intel Celeron Dual Core Processor,64 bit Windows 11 ,2 Year On-Site Warranty,
412,acer,acer Predator Helios 300 ,"₹1,54,990",512 GB SSD,16 GB DDR5,(15.6 Inch),Intel Core i7 Processor (12th Gen),64 bit Windows 11 ,2 Years Warranty,
413,DELL,DELL Vostro ,"₹44,690",512 GB SSD,8 GB DDR4,(14 inch),Intel Core i3 Processor (10th Gen),64 bit Windows 10 ,1 Year Warranty,
414,DELL,DELL G15 ,"₹87,990",1 TB SSD,16 GB DDR5,(15.6 Inch),Intel Core i5 Processor (12th Gen),64 bit Windows 11 ,1 Year Warranty,
415,Lenovo,Lenovo IdeaPad 3 ,"₹39,490",1 TB SSD,8 GB DDR4,(15.6 inch),Intel Core i3 Processor (11th Gen),64 bit Windows 11 ,1 Year Onsite Warranty,
416,Lenovo,Lenovo Legion 5 ,"₹70,999",256 GB SSD,8 GB DDR4,(15.6 Inch),Intel Core i5 Processor (10th Gen),64 bit Windows 10 ,2 Year Onsite�Warranty,
417,ASUS,ASUS Vivobook Pro 15 OLED ,"₹89,990",512 GB SSD,16 GB DDR4,(15.6 inch),AMD Ryzen 7 Octa Core Processor,64 bit Windows 10 ,1 Year Onsite Warranty,
418,MSI,MSI ,"₹1,24,990",512 GB SSD,16 GB DDR4,(15.6 inch),Intel Core i7 Processor (12th Gen),64 bit Windows 11 ,1 Year Onsite Warranty,
419,Lenovo,Lenovo IdeaPad 3 ,"₹33,490",1 TB HDD,8 GB DDR4,(15.6 Inch),Intel Core i3 Processor (10th Gen),Windows 11 ,2 Year Onsite Warranty,
420,MSI,MSI Modern 14 ,"₹80,590",512 GB SSD,8 GB DDR4,(14 inch),Intel Core i7 Processor (11th Gen),64 bit Windows 10 ,1 Year Warranty,
421,MSI,MSI Prestige 15 ,"₹1,13,490",512 GB SSD,16 GB DDR4,(15.6 inch),Intel Core i7 Processor (10th Gen),64 bit Windows 10 ,1 Year Onsite Warranty,
422,DELL,DELL Vostro ,"₹41,990",1 TB SSD,8 GB DDR4,(14 inches),Intel Core i3 Processor (11th Gen),64 bit Windows 10 ,1 Year Onsite Warranty,
423,Lenovo,Lenovo IdeaPad ,"₹37,990",512 GB SSD,8 GB DDR4,(15.6 Inch),Intel Core i3 Processor (11th Gen),64 bit Windows 11 ,1 YEAR,
424,HP,HP Pavilion x360 ,"₹49,347",512 GB SSD,8 GB DDR4,(14 inch),Intel Core i3 Processor (10th Gen),64 bit Windows 10 ,1 Year Warranty,
425,ASUS,ASUS ROG Zephyrus G15 ,"₹1,57,990",512 GB SSD,16 GB DDR5,(15.6 inch),AMD Ryzen 7 Octa Core Processor,64 bit Windows 11 ,,
426,Lenovo,Lenovo Ideapad Slim 3i (2021) ,"₹36,988",1 TB SSD,8 GB DDR4,(15.6 Inch),Intel Core i3 Processor (10th Gen),64 bit Windows 11 ,,
427,Lenovo,Lenovo Legion 5 ,"₹1,33,999",512 GB SSD,16 GB DDR4,(15.6 inch),Intel Core i7 Processor (11th Gen),64 bit Windows 10 ,,
428,ASUS,ASUS ZenBook Duo 14 (2021) Touch Panel ,"₹99,990",512 GB SSD,8 GB LPDDR4X,(14 inch),Intel Core i5 Processor (11th Gen),64 bit Windows 11 ,,
429,ASUS,ASUS ROG Zephyrus ,"₹1,54,990",,16 GB DDR4,(16 inch),Intel Core i7 Processor (11th Gen),Windows 10 ,,
430,Lenovo,Lenovo ,"₹39,990",,8 GB DDR4,(15.6 inch),Intel Core i3 Processor (11th Gen),Windows 11 ,,
431,Lenovo,Lenovo IdeaPad ,"₹45,990",,8 GB DDR4,(14 inch),AMD Ryzen 5 Hexa Core Processor,64 bit Windows 10 ,,
